,server_response_time,network_bandwidth,data_transfer_rate,OS_type,server_location,connection_type,response_variable
0,109.9342831,17.58077564,46.90790923,Mac,,Cable,336.5141989
1,97.23471398,11.35221619,,Windows,Asia,DSL,
2,112.9537708,64.0065947,53.1917451,Windows,Europe,,504.3903764
3,130.4605971,,63.40450446,Windows,Europe,DSL,
4,95.31693251,4.127028338,31.2482753,Windows,,Fiber,241.8009114
5,95.31726086,93.68501238,51.15026079,Linux,,Fiber,560.655208
6,131.5842563,6.145157081,48.39867204,Linux,Europe,Cable,344.8702423
7,115.3486946,54.58833719,56.71340076,Mac,US,,478.4078241
8,90.61051228,71.19699143,52.13196628,Linux,Asia,Cable,472.3186189
9,110.8512009,87.22594325,42.48030668,Linux,Asia,Fiber,539.2808741
10,90.73164614,71.69460628,46.80946064,Mac,,Fiber,475.5152552
11,90.68540493,80.37108022,42.03974143,Mac,Asia,Fiber,470.1464536
12,104.8392454,34.60556906,60.76007139,Mac,Asia,DSL,406.5857812
13,61.73439511,81.66768626,50.21311649,Linux,Asia,Fiber,454.5331695
14,65.50164335,8.931369792,69.01190686,Linux,Asia,DSL,269.2368911
15,88.75424942,89.58684895,49.39339186,Mac,,DSL,525.2712841
16,79.74337759,55.21164524,42.91593233,Mac,US,Fiber,405.3485833
17,106.2849467,81.91247923,34.86285607,Mac,Europe,Cable,508.4054414
18,81.83951849,45.77951017,31.96860324,,Europe,Cable,333.7232109
19,71.75392597,64.71419182,34.15864057,Linux,Europe,Cable,390.2404571
20,129.3129754,,52.67126651,Windows,Asia,,
21,95.48447399,73.42736265,55.08725023,Linux,Asia,Cable,472.7237056
22,101.3505641,9.081368221,34.18809298,Linux,US,DSL,269.9763597
23,71.50503628,,58.95038314,Linux,US,,
24,89.11234551,25.46322017,45.16938948,Mac,Europe,Fiber,314.2231065
25,102.2184518,16.79492333,51.46793012,Linux,US,Cable,328.5118261
26,76.98012845,87.30657309,,Mac,US,,
27,107.5139604,22.70218475,58.96839316,Windows,US,Fiber,363.7990174
28,87.9872262,97.61066033,47.31469352,Windows,US,Cable,527.2390883
29,94.166125,34.35268339,41.08807775,Mac,US,Fiber,356.7969339
30,87.96586776,19.02967365,28.48184599,Mac,Europe,Fiber,276.9092441
31,137.0455637,79.18015221,42.80846681,,,Fiber,577.3109992
32,,66.21206977,47.88869761,Linux,US,Cable,
33,78.84578142,50.32137593,40.12820473,Windows,Europe,Fiber,370.4767383
34,116.4508982,55.98099154,48.68743033,Mac,Asia,Cable,470.2093389
35,75.583127,72.20097605,,Linux,US,DSL,
36,,23.61701939,47.75144018,Windows,Asia,Cable,
37,,99.63705769,43.49997419,Linux,Europe,DSL,
38,73.43627902,97.50452305,51.68654672,Windows,Europe,Cable,516.468743
39,103.9372247,65.38224295,54.4194065,Linux,Asia,Fiber,466.221079
40,114.7693316,20.75470264,39.09600923,Windows,Europe,Cable,346.0793037
41,103.4273656,68.342596,64.1093238,Windows,US,Fiber,508.0614367
42,97.68703435,,49.01411868,Linux,Asia,DSL,
43,93.97792609,4.034597718,50.18849623,Mac,US,Cable,267.4834332
44,70.42956019,26.51060596,57.08214423,Windows,Asia,Fiber,289.661546
45,85.60311583,46.79967272,52.33216131,Mac,Europe,DSL,390.7472639
46,90.78722458,86.95897804,59.53136634,Linux,Asia,DSL,540.410802
47,,72.98973791,52.87124165,Mac,Asia,Cable,
48,,74.5279456,43.87562625,Mac,,,
49,64.73919689,43.12384011,53.61503525,,Europe,Fiber,360.7474477
50,106.4816794,35.24756426,38.56273793,Mac,US,DSL,375.8254313
51,92.29835439,37.73283754,51.08559706,Mac,,DSL,376.2907485
52,86.46155999,98.77730681,49.66770009,Windows,US,Fiber,557.4439053
53,112.2335258,4.97080995,47.91883143,Windows,Asia,DSL,310.3593813
54,120.6199904,86.83611812,48.71462489,Windows,US,DSL,566.7793874
55,118.6256024,58.28886545,31.18150955,Linux,Europe,DSL,467.7793845
56,83.21564954,44.4229265,44.51275092,Mac,Europe,DSL,371.1133334
57,93.81575248,72.80050838,,Windows,Asia,Fiber,
58,106.6252686,49.1802252,51.59856392,Linux,Europe,DSL,440.9807004
59,119.5109025,87.46890057,39.72324859,Windows,US,Fiber,559.4127745
60,90.41651524,90.16948454,62.65707841,,Asia,,541.4761448
61,96.28682047,42.75037176,41.33825152,Mac,Europe,DSL,374.9737372
62,77.87330052,,59.69457201,,,DSL,
63,76.07586752,59.64268253,54.27194362,Mac,,DSL,409.8291244
64,116.2505164,91.32397122,43.5377269,Mac,US,,574.6266027
65,127.1248006,21.85555671,67.75310893,,Asia,Fiber,429.6443109
66,,62.67369177,38.06363168,Mac,Europe,Fiber,
67,120.070658,63.52446179,59.19154174,Linux,US,Cable,521.9888599
68,107.2327205,73.57818922,60.00582318,Mac,Asia,DSL,519.7969727
69,87.09760491,14.02520083,43.29379791,Mac,Europe,DSL,292.9550693
70,,71.8666715,63.924653,Mac,Europe,Fiber,
71,130.7607313,90.99421955,47.49953485,Windows,Asia,Cable,589.6335036
72,99.28347922,18.78862778,52.88693629,,,DSL,323.5534114
73,131.2928731,24.51678917,52.60321839,Windows,US,,425.3835804
74,47.60509792,97.16811431,48.65691259,Windows,Europe,DSL,464.2888858
75,116.4380501,18.91671832,58.10808273,Windows,Europe,DSL,389.9078055
76,101.7409414,,57.93488721,Windows,Europe,Fiber,
77,94.01985299,49.73550779,32.51468027,Windows,Asia,Fiber,409.220432
78,101.8352155,,63.04340243,Linux,US,DSL,
79,60.24862171,87.20424023,33.37508012,Mac,Europe,DSL,414.5691496
80,95.60656224,45.08522025,,Windows,Asia,Fiber,
81,107.1422514,51.96691804,61.26705137,Windows,Europe,DSL,448.9848114
82,129.5578809,36.56410357,,Linux,US,DSL,
83,89.63459563,59.70213429,45.89185712,Linux,Europe,Fiber,425.1558574
84,83.83012794,17.18886339,38.94295332,Mac,US,DSL,282.0821074
85,89.96485913,39.71707213,47.8507897,Linux,US,DSL,362.9440844
86,118.3080424,96.97181991,46.91965716,Mac,Europe,,608.3041625
87,106.5750222,26.55520984,,Windows,Europe,Fiber,
88,,66.01692979,63.10308746,Windows,US,Cable,
89,110.2653487,33.19381636,63.95683811,Mac,Asia,,429.2906979
90,101.941551,77.57383944,44.37831973,Linux,US,Cable,502.4935327
91,119.3728998,13.95649241,47.90778126,Mac,Europe,DSL,349.7204902
92,85.95893812,,33.16561808,Linux,Europe,DSL,
93,93.44675707,45.9251646,41.94129934,Windows,Asia,,390.5383174
94,92.15783694,24.36899587,59.64851633,Linux,US,Cable,337.0389222
95,70.72970104,8.276177986,66.15582824,Mac,US,Cable,257.0189856
96,105.9224055,17.8060326,,Mac,US,DSL,
97,105.2211054,52.45762091,44.07535741,Windows,Europe,Cable,409.948127
98,100.1022691,34.36331447,49.73594243,Linux,US,Cable,371.5685007
99,95.30825733,83.05945322,52.80161159,Linux,Asia,Fiber,517.9933518
100,71.69258516,,41.9039648,Linux,Europe,Fiber,
101,91.58709354,25.62271299,54.24061044,Windows,Europe,DSL,328.8288092
102,93.14570967,62.09735367,45.26160653,Linux,US,Fiber,435.9907322
103,83.95445462,70.97094447,49.85547729,Mac,Asia,Fiber,467.4029976
104,96.77428577,17.53714888,55.46284248,Linux,Europe,Fiber,339.0857702
105,108.0810171,17.59430241,50.0642227,Windows,Europe,DSL,344.9974395
106,137.723718,4.630471266,45.63614109,Linux,US,Fiber,357.1039617
107,103.4915563,73.90379949,,Linux,US,DSL,
108,105.1510078,66.71664823,49.11637041,Mac,,Cable,486.4896166
109,98.51108168,,46.2998897,Linux,US,Fiber,
110,61.62457569,84.57287445,47.41203937,Mac,Asia,DSL,451.3272435
111,99.46972249,80.76134514,65.98647171,Mac,Europe,Fiber,545.2211297
112,101.2046042,58.95008208,55.60919448,Windows,Asia,Cable,450.5621715
113,149.2648422,86.95885677,47.04519682,Mac,Asia,DSL,626.8713631
114,96.1527807,21.37827979,56.96954405,Mac,Asia,DSL,343.873841
115,106.0309468,12.08004232,46.6618051,Windows,Europe,DSL,308.6363775
116,99.30576461,27.70521154,,Mac,US,Cable,
117,76.62643925,6.651598753,53.69642192,Windows,Europe,Cable,251.5733406
118,122.8564563,53.58578327,48.92697856,Linux,US,Cable,478.1723837
119,115.0386607,93.72396354,54.47716926,Windows,Asia,DSL,595.1309937
120,115.8206389,4.895010526,34.29123848,Mac,Asia,Cable,289.2828595
121,81.8122509,13.08888149,38.73232531,Windows,Asia,Fiber,270.6698388
122,128.0558862,45.7677038,38.06074994,Mac,Asia,Cable,448.7352498
123,71.96297874,,51.42943095,Linux,Asia,DSL,
124,,32.29945439,67.32514999,Windows,US,Fiber,
125,143.8091125,51.21624606,72.31300146,Linux,US,Cable,552.0929729
126,80.1892735,5.115713046,56.38051101,Mac,Asia,Fiber,277.0086642
127,88.67404541,15.6859769,55.00844475,,Europe,Fiber,303.1275002
128,101.9930273,98.67638217,31.98942266,Linux,Europe,DSL,542.5543716
129,89.93048692,96.54675095,44.573262,Windows,Asia,Fiber,528.0595641
130,68.98673138,1.489058113,42.12216248,Windows,US,Fiber,205.0276623
131,,,,,,DSL,
132,78.75392573,64.27287384,48.31856181,Linux,Europe,DSL,423.3187458
133,109.4718486,86.92391116,45.27909422,Linux,Europe,,552.3166308
134,81.61151532,46.01924571,30.2070019,,Asia,Fiber,350.0129517
135,130.9986881,52.04400683,57.47910256,,Europe,Fiber,504.1228357
136,84.33493415,49.39581145,39.27256974,Windows,Europe,Fiber,395.3041729
137,93.55876968,67.0195615,52.39246864,Linux,Europe,DSL,473.6717296
138,,,70.7408267,Windows,Europe,,
139,75.38271367,3.967385397,40.80615408,,US,Fiber,208.4247948
140,,31.48506422,24.69712477,Mac,Asia,Cable,
141,126.1428551,70.76339551,47.13995778,Windows,Asia,DSL,536.8124172
142,67.85033531,20.98349176,61.00959635,Windows,US,Fiber,282.3705439
143,103.6926772,67.6698109,69.58347454,Linux,US,Cable,508.4937264
144,105.1976559,,37.70450406,Linux,Asia,Fiber,
145,115.6364574,10.29617086,54.96699223,Mac,Europe,Fiber,341.1921892
146,75.26098578,67.5876097,45.34689543,Windows,Europe,,400.8281364
147,,44.93127171,48.94051646,Mac,,Cable,
148,110.4388313,,76.44343347,Linux,Europe,DSL,
149,,18.53782916,34.97029672,Mac,,Fiber,
150,105.009857,69.56996927,52.53739661,Linux,Europe,DSL,498.1046277
151,106.9289642,83.97341368,54.67693172,Mac,Europe,DSL,536.6280517
152,86.39950557,94.51680773,60.85786325,Mac,Europe,Cable,541.5482634
153,104.6450739,68.6415548,50.97983153,Windows,Asia,Cable,496.5460891
154,105.8614495,50.22030164,53.0805054,Mac,,DSL,450.1050331
155,85.71297164,62.16687678,46.08351433,Windows,Europe,Fiber,434.9182745
156,137.3154902,87.02159346,52.69126941,,Asia,,617.181057
157,109.4766584,57.49036492,46.56807725,Windows,Europe,Fiber,474.0285848
158,76.17393006,4.00831891,56.2157189,,US,Fiber,242.5907782
159,113.1310722,93.16392086,46.30389664,Mac,Europe,Fiber,571.3234602
160,80.5063666,69.26314835,53.77100394,,US,DSL,423.5124053
161,115.7416921,67.97482519,49.70737186,Linux,Europe,,509.0383523
162,123.1719116,22.35184009,61.26050251,,US,,411.0870318
163,83.58635363,66.22966155,49.48606276,Mac,Europe,DSL,442.9433822
164,,39.99257616,32.26967532,Windows,US,Fiber,
165,108.2556185,65.47206473,62.61921501,Linux,Europe,Fiber,515.3015098
166,116.4412032,,,Mac,Europe,,
167,,,,Windows,Asia,,
168,95.09223768,99.94195885,44.04338706,Linux,Asia,DSL,560.9369294
169,84.92527671,5.772991847,63.74438093,Windows,US,,297.03119
170,82.20971141,97.74024424,28.64325786,Linux,Europe,Fiber,503.9986759
171,83.6837943,41.28388811,81.37748534,Linux,US,DSL,419.3849077
172,98.45796581,87.20459158,,Linux,Asia,Cable,
173,106.8230395,78.45616292,52.23238914,Windows,US,Cable,522.33425
174,105.533816,57.13460984,,Mac,US,,
175,116.543665,74.10647172,,Windows,Asia,Cable,
176,100.2600378,87.97304057,55.21122428,Linux,Europe,DSL,541.0972273
177,129.0706815,41.00989184,56.45215586,Windows,US,Fiber,463.3679091
178,94.70686334,33.37628299,55.55604466,Mac,Asia,Fiber,373.143147
179,154.4033833,67.09174517,50.89580681,Windows,Europe,Cable,593.2746755
180,112.513347,,,Mac,Asia,Fiber,
181,82.85684887,76.46622834,48.48726716,,,Cable,476.9739151
182,,79.98355124,48.0509172,,Europe,Cable,
183,109.6494483,44.12274817,61.33770097,Linux,,Fiber,437.2846795
184,95.53074429,81.9655874,55.93556722,Mac,Asia,Fiber,526.9588914
185,114.2800099,12.90069648,,Windows,Asia,Cable,
186,109.4647525,54.9044207,56.55900777,Mac,Asia,Fiber,468.6716809
187,98.54342175,1.570107389,51.94736195,Linux,Europe,,285.7790608
188,83.06412564,33.13399716,49.81291244,Windows,Europe,Fiber,337.5815812
189,69.70305551,,46.11481547,Windows,US,Fiber,
190,91.06970096,40.22109647,61.2411272,Windows,Europe,DSL,381.6114578
191,117.1279759,69.85125346,,Linux,US,Fiber,
192,104.2818749,,42.27122332,Mac,Asia,Fiber,
193,75.08522443,45.42066864,54.07052287,Windows,Asia,Cable,377.6290689
194,,24.51686896,40.28343265,Mac,Europe,Fiber,
195,107.7063476,37.95192737,36.20381835,Mac,Asia,Fiber,379.0437073
196,82.32285128,,43.73282775,Linux,Asia,,
197,103.0745021,,58.62393472,Windows,Europe,Cable,
198,101.1641744,60.74141074,59.53125045,Mac,US,Cable,469.725788
199,77.14059404,67.15306706,55.1308542,Windows,Europe,Cable,423.8864737
200,107.1557472,62.32954425,57.25095787,Windows,US,Fiber,491.6679132
201,,46.88591034,55.16178287,Linux,Europe,Cable,
202,,38.59879224,43.58518405,Windows,Europe,DSL,
203,121.076041,86.47003131,54.31922545,Windows,Asia,Cable,598.6918061
204,72.44661264,52.38909673,58.00409525,Mac,Europe,DSL,404.759665
205,81.2434992,48.43900589,57.5429133,Linux,Europe,Cable,391.064413
206,110.3007053,3.538564515,61.88913371,Windows,US,Cable,326.0407487
207,110.275719,34.78353493,57.08303847,Mac,Asia,,405.5612521
208,110.3009537,38.63936626,53.51448208,Linux,US,Cable,406.5710924
209,177.0546298,40.48345531,60.70150238,Linux,US,,556.9774861
210,111.4178102,58.43706455,49.73478741,,Asia,Cable,479.9192087
211,,53.82665213,41.18125349,Mac,Asia,,
212,119.0800353,61.18260419,,Mac,Asia,DSL,
213,113.027825,76.72344289,,Mac,Europe,Cable,
214,93.69461511,81.48558813,43.24821725,Mac,Asia,DSL,501.7169965
215,115.1793844,72.09418455,48.55481329,Windows,Asia,DSL,511.5943366
216,84.54349571,95.5968459,42.07580079,Windows,Asia,DSL,529.3424985
217,95.26362787,2.805025685,46.9203847,Linux,US,Cable,261.2577869
218,90.29272904,20.38202058,31.06385333,Windows,US,Cable,305.8106687
219,101.6374828,1.748724623,52.13293707,Windows,Europe,DSL,267.0060535
220,146.2931713,65.0999967,50.01205475,Windows,US,Fiber,557.4389254
221,62.65469615,89.90502435,41.82911369,Mac,Europe,,463.9895186
222,113.7252038,25.10474736,56.59245668,Linux,,Fiber,399.4285447
223,67.74568258,92.77641993,59.37570138,Linux,,DSL,496.1143458
224,,6.966471639,33.92440136,Linux,US,,
225,121.7790119,,,Linux,Europe,DSL,
226,,35.81064604,,Windows,,Cable,
227,78.44510444,11.04066202,40.60096899,Windows,Asia,Fiber,235.5298721
228,85.69392581,,58.29474842,Mac,Europe,Fiber,
229,113.591955,26.4208802,48.06173861,Linux,Asia,DSL,381.1410087
230,85.39266737,29.20241729,47.35485159,Windows,Asia,Cable,321.4653704
231,104.3291718,31.42170653,29.96137636,,Europe,Cable,339.8716655
232,100.9114368,80.49956389,56.3541803,,,Fiber,525.5189196
233,86.96799305,54.37696639,37.60741605,Mac,Asia,Cable,396.4051076
234,142.8788818,31.81946222,50.5993263,Mac,US,Fiber,455.1645232
235,,61.42304455,52.77376938,Windows,Asia,Fiber,
236,59.49714827,71.89891675,63.60658596,Windows,Asia,Fiber,436.0269635
237,103.7290863,27.98977607,36.91179601,Mac,Asia,Cable,350.6268351
238,86.7642707,,19.80487844,,Asia,,
239,117.0486667,13.06672324,51.83849545,Mac,Europe,Fiber,355.0632752
240,84.14958523,18.9337856,68.00511182,Mac,US,DSL,322.6763287
241,97.70527117,68.43066754,62.38946353,Mac,Asia,Fiber,491.6552157
242,110.0997456,,52.09659415,Mac,Asia,Fiber,
243,,52.99117498,45.08363814,Windows,,DSL,
244,75.99407186,71.19557991,58.07122597,Linux,Asia,DSL,461.9889621
245,93.30997528,11.58081539,40.264538,Mac,Europe,Cable,256.1633862
246,90.50109378,57.16390974,54.76357769,Linux,US,Fiber,447.9705677
247,86.93341535,26.39971559,55.05470159,Linux,,Cable,320.9887034
248,135.3090848,96.32976065,60.60209907,Linux,Asia,Cable,655.7172899
249,,48.87101903,77.59660039,Mac,,DSL,
250,74.78232091,80.79326243,53.92415967,Windows,,Cable,468.5493752
251,118.3572389,55.47242767,44.91036374,,Europe,Fiber,483.9066416
252,142.4431239,5.297840753,49.74425688,Linux,Asia,DSL,389.3624943
253,,63.68198618,32.30924095,Linux,,Fiber,
254,69.61260068,95.18893088,43.05286869,Windows,,Fiber,497.245945
255,,60.55957019,45.90717562,Mac,,DSL,
256,125.338223,82.09969708,44.75911602,Linux,US,Fiber,569.497544
257,85.84661069,88.53643987,51.52354872,Windows,Asia,DSL,523.0975715
258,108.8763886,23.57989742,41.77580068,Linux,,Fiber,376.8536288
259,,21.99243915,61.21030667,Windows,Asia,DSL,
260,81.46139057,61.4871179,50.00207065,Windows,US,Cable,422.550269
261,98.80949288,41.69181851,49.90699679,,Europe,Fiber,398.3360876
262,35.1746532,84.14626898,46.72105283,Linux,US,DSL,399.8555299
263,79.51224717,90.10228922,51.55190684,Mac,US,,515.4643291
264,,35.98871655,58.25098265,Linux,US,Fiber,
265,75.04433636,,41.32869784,Mac,Asia,Fiber,
266,132.6482261,78.27202601,43.41883511,Linux,Asia,DSL,550.4295999
267,71.39717244,28.20579752,46.96273971,Mac,Asia,Cable,271.7238782
268,91.19911027,82.43881753,36.54129077,Windows,Europe,Cable,479.3828454
269,102.6148115,42.95008711,41.8074214,Linux,Europe,Cable,396.4368481
270,128.8254658,67.08744003,45.23779126,Linux,US,DSL,520.637261
271,,10.45799607,58.74389181,Windows,Europe,,
272,123.263275,62.76207314,52.62561329,Mac,US,DSL,510.3886952
273,100.2046612,45.72500019,51.93589911,Linux,US,Fiber,421.2625817
274,80.36982698,59.07423785,58.50897962,Linux,,Fiber,415.3889164
275,109.2420695,17.63340657,48.62628212,Mac,Europe,Cable,343.5455041
276,103.9811939,,53.9046485,Windows,Asia,DSL,
277,87.99566246,,48.96778247,,,Fiber,
278,,22.45724021,52.65362349,,,DSL,
279,,10.475741,44.17241342,Mac,US,DSL,
280,102.2703469,3.340220019,25.61182842,Linux,Europe,Fiber,245.5191887
281,113.2426135,,48.65720838,,US,DSL,
282,131.7203363,61.10230957,64.22748136,Windows,,Fiber,540.6695411
283,75.24369002,55.12304386,59.26215402,Mac,Europe,Fiber,388.8635741
284,142.6606675,23.96276252,,Linux,Europe,Fiber,
285,60.95824401,39.69969359,62.36130722,Mac,Europe,DSL,325.8287244
286,96.9642981,59.85315718,50.88657591,Linux,US,Fiber,455.4562693
287,,50.17991903,51.97315707,Linux,US,DSL,
288,105.6198374,98.7907665,43.82348105,Linux,Asia,Fiber,576.7534191
289,87.5460096,14.5075355,46.83927144,Linux,Asia,Fiber,309.6407364
290,95.83755499,69.81931085,56.1577115,Windows,Europe,Cable,483.3447984
291,90.13998131,,62.03884437,Linux,Asia,Cable,
292,88.21270486,43.39176188,48.60553724,Linux,US,Cable,370.6427551
293,116.9920419,72.0421788,45.49810735,Mac,Asia,DSL,525.8578383
294,107.1403097,69.55117898,50.00527959,Mac,US,DSL,496.0440933
295,86.14180809,99.13434338,56.01206749,Windows,,Fiber,544.8398577
296,,13.71103466,35.56145184,,Europe,Fiber,
297,106.1459904,11.30685529,27.03819047,Linux,US,,293.8623247
298,116.2572424,72.7095429,,,Asia,Fiber,
299,112.5925768,58.26030478,37.79287574,Windows,Europe,DSL,465.6513456
300,83.42009978,28.14190599,44.91859802,Mac,,Fiber,319.5248007
301,88.7963792,8.86251753,48.52219681,Mac,Asia,,271.0273528
302,114.9458721,9.48016671,45.46751591,Windows,Asia,Cable,334.6475189
303,112.2074053,89.52489659,64.52467534,Windows,US,Fiber,580.8756309
304,99.58196812,19.99486515,53.26744765,Linux,Asia,Fiber,327.7608497
305,102.3465477,33.01378465,53.0047436,Mac,Asia,,394.8010612
306,125.5532979,23.43898382,56.22207144,Linux,Asia,DSL,402.2781747
307,88.16857222,36.14463428,38.61166882,Mac,US,Cable,359.3453896
308,,7.872960432,60.39111787,,US,Fiber,
309,95.95614695,52.3869193,49.24235713,,Europe,Fiber,418.6982004
310,95.64637594,7.693643796,56.70480617,Mac,US,,304.2931068
311,121.975537,80.23529427,39.28142767,Mac,Europe,Fiber,568.8629012
312,116.508327,24.13749611,34.46241234,Mac,,DSL,364.6654922
313,116.2701927,54.46117955,,Windows,Europe,Fiber,
314,126.1095761,88.12782967,53.76409526,Linux,,DSL,591.3015734
315,100.4200768,65.43685954,40.97948446,,,DSL,477.0655059
316,113.6390594,53.76282087,41.30336919,Linux,Europe,Fiber,463.7010124
317,93.79466487,33.10904156,61.25434784,Linux,US,Cable,372.9423559
318,106.483327,33.96718939,38.10588107,Mac,US,DSL,390.8311724
319,97.39713891,67.27920856,66.42672953,Linux,US,Cable,497.91951
320,101.9399193,99.41979676,40.99379265,Windows,US,Fiber,555.2261011
321,,66.5220798,56.38391926,Windows,Europe,DSL,
322,83.63558634,56.22055832,46.71381524,Windows,Europe,Fiber,414.7805842
323,141.8477455,73.33440051,56.03187431,Linux,Asia,Cable,579.4115025
324,79.87965237,47.05535562,44.55885998,Windows,Europe,Fiber,356.7324976
325,75.71622774,6.954091917,48.37207094,Linux,Europe,Fiber,240.4640928
326,123.1622175,56.66738477,50.40919175,Windows,Europe,DSL,489.0452446
327,115.8332539,95.80490317,,Windows,Asia,Fiber,
328,112.4823963,18.35499129,57.40824345,Linux,US,Fiber,361.6026828
329,112.5669102,69.31048419,44.86786434,Windows,Europe,Fiber,509.5363818
330,99.75506454,20.89243518,47.71400085,Mac,Asia,DSL,336.3234603
331,82.05491257,54.04694076,40.05650625,Linux,Asia,Cable,381.1789993
332,101.5160912,10.57096852,24.37666341,Linux,Asia,Cable,267.0316022
333,86.45676577,45.58672269,48.08972237,Linux,,Fiber,380.4917214
334,119.5023947,75.86016956,74.12615422,Mac,Europe,DSL,577.0303873
335,97.05885237,35.4095809,57.84604288,Linux,Asia,Fiber,386.4136492
336,83.49005606,66.82626072,49.8073962,Windows,US,Cable,450.9724652
337,93.57228317,79.74954612,47.37109171,Windows,Asia,DSL,499.4202263
338,,92.79060413,50.22465893,,Asia,Cable,
339,88.72550894,24.2295661,55.47119115,Linux,Asia,Cable,347.6143565
340,83.55559209,40.53227567,38.19187185,Windows,Asia,DSL,364.7623333
341,104.8737442,16.08918532,,Linux,Asia,DSL,
342,,99.25586671,57.15381315,Windows,US,Fiber,
343,89.86113649,92.77309582,57.18185726,Mac,Europe,Fiber,540.3202852
344,,54.4557559,54.38475739,Mac,Europe,Cable,
345,104.6409987,,50.19616658,Mac,Europe,,
346,,,56.72861236,Mac,Europe,DSL,
347,71.85072451,,,Linux,US,Fiber,
348,85.63111557,9.823318779,46.45959289,Windows,US,Cable,250.8545085
349,95.73105697,75.77177163,44.26398227,Mac,US,Cable,471.5055849
350,106.2181513,,51.01856295,Linux,Asia,Fiber,
351,129.5071243,82.7806954,65.49020151,,Asia,DSL,616.2091732
352,117.1531925,78.42078068,37.60892924,,Asia,Fiber,506.9141524
353,96.8012294,71.16572508,35.32474734,Linux,Europe,Fiber,474.1933304
354,99.61967584,4.579877672,51.64760841,Linux,Asia,Fiber,295.0967224
355,,31.00970724,50.50887702,Windows,Europe,Fiber,
356,99.62973728,27.04814442,51.73341664,Windows,Asia,DSL,351.7358012
357,94.22682722,36.65350434,52.43953198,Mac,Europe,Fiber,392.9850762
358,106.4543712,9.67663193,,Mac,Asia,DSL,
359,,93.75882448,64.89863439,Windows,Asia,Fiber,
360,110.3869303,55.82642183,33.99096022,Windows,US,Cable,431.9255414
361,130.6547783,31.24690676,41.71502975,Linux,Asia,DSL,433.7646337
362,97.82479703,40.30117019,48.9674524,,Asia,Cable,390.3077948
363,108.0342344,45.27305151,33.56811189,Windows,US,Fiber,405.2299658
364,113.8028798,60.458839,48.24145596,Mac,Europe,Fiber,482.0750546
365,91.97559056,52.05226334,66.61470166,Windows,US,Fiber,432.374519
366,104.4818496,92.01980535,50.20886488,Mac,US,DSL,563.5336225
367,100.251848,50.19938481,52.30700906,Windows,Europe,Cable,436.5317497
368,101.953522,99.22364347,37.39835235,,Asia,DSL,553.2594288
369,84.53980432,85.29107082,43.83638592,Windows,Europe,DSL,493.0481666
370,100.4902035,21.64254092,,Windows,Asia,Fiber,
371,109.9599658,93.12892625,46.82284903,Windows,Asia,Cable,578.6922972
372,129.0228722,12.52027339,62.81643795,Mac,Europe,Fiber,386.8418087
373,119.1854165,81.92752114,55.57691061,Linux,US,DSL,569.784472
374,,38.68170605,,Windows,Europe,Fiber,
375,84.65304874,87.91945772,52.46504778,Mac,Asia,Cable,508.5463714
376,117.4464127,,54.98221748,Linux,,Fiber,
377,103.6668401,,61.40149039,,Europe,Cable,
378,143.7960587,79.21301319,65.80540687,Mac,Asia,Cable,628.0311676
379,83.83403429,31.16323477,39.84905808,,US,Fiber,318.5781989
380,83.20556316,9.011009022,41.89142489,Windows,Europe,DSL,253.7953961
381,,40.8950377,37.42422141,Mac,Asia,Fiber,
382,57.52208551,18.17892698,47.65980141,Mac,Asia,,251.2655693
383,89.48489957,69.8001578,54.66358374,Windows,Europe,,482.2828069
384,84.81734677,,59.87334517,Windows,US,Fiber,
385,103.0078757,97.58540989,49.24048976,Linux,Europe,DSL,581.8601719
386,106.8351195,64.45623566,46.80152477,Linux,US,DSL,498.0910641
387,137.5234168,82.4255758,51.51757992,Linux,,Fiber,600.8606328
388,119.0084768,14.1199426,,Windows,US,,
389,88.46192689,86.33943374,70.89538722,Mac,US,Fiber,539.4676267
390,82.03170657,92.35296186,33.92338973,Mac,Europe,DSL,481.3698115
391,109.8383834,49.21912996,51.84740579,,Asia,Cable,453.5278004
392,73.59533586,61.01904084,70.23606219,Windows,Asia,DSL,434.9132751
393,,76.71617029,50.06799845,Mac,Asia,Cable,
394,123.5888024,18.3090241,,Linux,Asia,Fiber,
395,90.61648696,50.75404157,,Mac,Asia,Cable,
396,65.73730942,40.46763975,48.19608318,Mac,Asia,,319.1632302
397,,15.49102522,63.72848475,Windows,Europe,Fiber,
398,97.70920309,37.38590781,27.88138089,Windows,US,Cable,343.1846445
399,124.7563262,,,Mac,Asia,Fiber,
400,68.11144682,3.555378788,35.76042848,Linux,Europe,Cable,215.3011326
401,88.01249954,,47.33347671,Windows,Asia,,
402,100.104874,96.34839605,45.7075558,,Asia,DSL,554.0621574
403,100.9396119,55.40342405,55.8855327,Windows,,DSL,449.3485046
404,90.99869057,96.61639395,34.01875648,Windows,US,Fiber,526.509071
405,,43.81728995,,Windows,US,,
406,78.64759141,31.86979718,70.24309623,Mac,Asia,Cable,361.1579903
407,97.1524103,51.10804442,36.36825995,Linux,,DSL,407.2695996
408,102.4059126,,51.89706168,Linux,Asia,Cable,
409,110.2887767,,43.38017822,Linux,,Fiber,
410,114.2322976,64.44180515,54.25887206,Windows,,Fiber,489.239704
411,77.50715816,22.38778007,50.19147777,Mac,Asia,Cable,292.594924
412,69.31771659,62.33920753,43.58513091,Windows,Asia,Fiber,391.4996114
413,125.5535364,65.36990815,54.87872285,Linux,Asia,DSL,526.5138645
414,106.6462802,16.05046046,68.0434811,Linux,Europe,Cable,357.1495643
415,85.03026927,7.073613084,48.09096208,Mac,Asia,DSL,257.1473519
416,131.0230395,78.29539702,57.19757942,Windows,Europe,DSL,580.6181566
417,102.3134927,46.52024195,,Linux,Asia,DSL,
418,123.5859437,,40.43563623,Mac,Europe,Cable,
419,,99.4917654,54.72406278,Windows,Asia,,
420,141.2149585,6.720275539,64.84116029,Windows,US,DSL,412.6412436
421,135.1068168,69.80848766,53.55613349,,US,DSL,539.4772905
422,95.02071703,98.3842136,46.86941969,Linux,US,DSL,557.9479363
423,119.431419,24.67883032,49.99291405,Windows,US,Fiber,388.5987962
424,112.907519,15.0826875,37.49592266,Windows,Asia,Fiber,325.965081
425,127.3726312,13.017109,56.04515326,Linux,US,Cable,370.806215
426,80.70153079,31.02423961,58.82333062,Windows,Europe,Fiber,341.2136915
427,113.7210292,11.00353529,45.47909667,Linux,US,Cable,312.3362337
428,121.1684897,69.52397283,45.29957852,Windows,US,Cable,520.9254447
429,,7.166888015,52.6587823,Linux,,Cable,
430,,51.43279069,45.63280264,Mac,Asia,Cable,
431,59.21535644,99.67298853,,Linux,US,Cable,
432,94.61186331,81.58305668,70.99721789,Linux,Europe,DSL,539.2642798
433,114.3508451,61.90672438,47.52974299,Mac,US,,486.1572061
434,130.047141,31.31910846,46.41659848,Windows,US,DSL,437.0343218
435,101.4818956,62.76568779,43.52458194,Mac,US,Cable,477.9689622
436,132.5723109,,,Linux,Europe,Fiber,
437,72.39797084,43.18225501,48.18775827,Windows,US,DSL,340.8527193
438,65.93235121,13.9403273,,Mac,Europe,DSL,
439,98.88904602,88.77381731,,Windows,Europe,Cable,
440,107.681309,45.52868023,64.19603005,Windows,US,,456.7038289
441,99.34610504,20.26762867,43.99576434,Mac,Europe,DSL,316.9589142
442,58.651158,37.40817574,31.33460049,Windows,Asia,DSL,289.1947756
443,98.21759921,41.9988455,,Mac,US,DSL,
444,73.91060999,82.92625166,43.15370174,Linux,US,DSL,472.9709594
445,113.393451,73.62782368,57.90625599,Windows,Europe,Cable,526.0447176
446,107.3319649,77.16118447,30.29896182,Linux,Europe,Cable,487.7609818
447,81.20240427,2.092095178,58.92597338,Linux,US,DSL,266.0499096
448,89.72266165,42.19924582,37.88828071,Windows,Asia,Cable,370.0414137
449,78.81572956,48.65307101,57.30764119,Mac,Europe,Cable,386.6835463
450,98.74641805,2.900035405,50.14273068,Windows,Europe,Fiber,279.9617137
451,119.1028464,26.72150767,40.46060581,Linux,Asia,DSL,374.717645
452,,,45.92963687,Linux,Asia,Cable,
453,,14.57386087,56.86318457,Mac,US,Cable,
454,89.39484763,53.99570301,51.05894453,Windows,Asia,DSL,406.0330466
455,84.14254335,22.30498533,55.8441298,Linux,,Fiber,329.0205426
456,97.8593928,2.19995669,69.76440585,Linux,Asia,,304.9112201
457,79.29515355,24.8789443,34.35758388,Linux,Europe,Fiber,296.2767932
458,88.92701389,97.61150174,66.17212575,Mac,US,DSL,575.9065696
459,76.04244215,80.35217408,51.04355938,Linux,US,DSL,472.8268507
460,139.2945027,95.99808779,41.01215952,,US,DSL,620.9992906
461,100.705271,49.29755035,36.69686374,Windows,Asia,DSL,392.240691
462,86.00548984,11.86388367,48.10879609,Windows,Europe,Fiber,275.1967376
463,104.2795982,55.24798941,59.21650112,Linux,US,Fiber,478.4470904
464,97.75343901,45.98335612,48.7245088,Linux,US,Cable,415.4332782
465,95.58060801,84.59135119,65.1115493,,US,DSL,537.0984537
466,112.283334,10.7101755,35.4882431,,US,Fiber,305.4739568
467,115.1501542,49.33587257,49.87911052,Mac,Europe,Fiber,443.8356971
468,89.38997705,15.8548178,37.47606556,Mac,Asia,Fiber,267.0876497
469,88.48363519,33.14291676,53.63631883,Mac,Europe,DSL,357.866499
470,,73.99835066,58.8688739,Mac,US,Cable,
471,53.96157671,48.12579481,,Mac,Europe,Fiber,
472,69.69617876,38.21294023,23.95786143,Mac,US,DSL,296.0470099
473,127.3374853,40.05315158,,Mac,Asia,Fiber,
474,132.8993543,46.48523007,54.36738552,Windows,,Fiber,472.3106749
475,,78.71663784,,Mac,Asia,,
476,111.5311393,,62.35782192,Mac,US,Fiber,
477,106.2250031,95.57813396,39.2894632,Mac,Europe,Fiber,554.9563211
478,161.5776162,78.90343524,56.80216105,Linux,Asia,DSL,640.2358586
479,122.3914982,32.22528268,61.92507512,Windows,,DSL,440.350823
480,97.44164817,,32.21412416,,US,Cable,
481,80.88919119,,53.19651826,Windows,Europe,DSL,
482,67.87107359,26.21239158,44.95820169,Mac,Asia,DSL,269.618407
483,104.0692727,,49.18477327,Mac,US,Cable,
484,84.87298509,4.804208547,53.47676484,Linux,Europe,,257.5032692
485,71.55492581,90.27443722,45.12771436,Windows,Asia,Cable,488.1087244
486,87.06854232,46.686269,43.24291921,Mac,Europe,,367.080054
487,,64.0829462,50.34152417,Windows,Europe,Cable,
488,133.7428327,66.2760383,39.12754061,Linux,US,,533.8512768
489,117.6327951,89.61665633,39.14174871,Linux,,Cable,573.8377361
490,99.84054717,64.03029853,56.79373283,Linux,,,484.5954718
491,,,38.51205965,Windows,Europe,DSL,
492,101.5473662,7.598552016,,Mac,US,Cable,
493,82.77431597,52.32239417,54.62591293,Mac,Europe,,393.6779127
494,,,32.74193271,Linux,Europe,Cable,
495,110.7782009,,,,US,Fiber,
496,79.25507691,51.70997016,61.94109403,Linux,Asia,Fiber,409.4340976
497,96.19322644,68.34255014,40.18834469,Windows,Asia,,469.3503189
498,82.48763493,5.12561716,45.35595738,Linux,Asia,Fiber,254.2533702
499,,9.394409589,54.62060893,,Europe,,
500,118.523551,71.91601542,57.83390509,Linux,Europe,,546.9900403
501,138.1883328,8.136349264,47.48461114,Mac,Europe,Fiber,365.7871666
502,72.02864852,8.054416049,44.02489805,Mac,US,DSL,218.7464775
503,111.2593847,2.198739048,64.22369862,Linux,Europe,Cable,339.568957
504,86.98714862,95.69363843,67.38899664,Mac,US,,556.7466727
505,90.25749232,74.01332759,,Mac,US,DSL,
506,,35.97188944,50.85318143,Mac,Asia,DSL,
507,82.72018461,30.35702255,41.91734278,Windows,,Fiber,313.3653974
508,100.9704326,,41.69555593,Mac,Asia,Cable,
509,83.38099767,77.69069959,55.22514105,Windows,US,Cable,486.4163676
510,105.4091365,,54.18398221,Linux,US,Fiber,
511,98.99523781,19.33436122,64.01598593,Mac,US,Cable,339.2608494
512,95.22103906,18.2368242,56.50450093,Mac,Europe,DSL,332.9472803
513,,10.74116932,34.96919698,Mac,,Cable,
514,88.46457339,66.36996925,60.51947618,Linux,Asia,Fiber,469.1457291
515,115.1078245,76.67289356,40.01939373,Windows,Asia,DSL,533.6952248
516,110.0183438,27.2395964,46.16028728,Windows,US,Fiber,371.6414917
517,80.4488951,3.073551142,52.50200206,Mac,US,DSL,260.9347198
518,101.9866461,9.13499508,69.9566749,Linux,Asia,DSL,324.0215141
519,115.0277425,96.81814345,81.09918556,Linux,US,Cable,662.5441076
520,66.61189438,30.24903297,56.06723059,Linux,Asia,DSL,319.0445879
521,110.8672038,77.15309164,48.16803381,Linux,Europe,Fiber,530.2053919
522,86.74752482,62.84169332,55.34505648,Linux,Asia,Cable,439.0537698
523,111.4119734,38.81202433,58.87655426,Windows,Europe,Fiber,419.9296301
524,,21.36303896,46.79332374,Windows,US,DSL,
525,63.90235799,13.0172554,67.95211356,Windows,US,Fiber,280.8124348
526,67.44915124,,52.30070759,Mac,Europe,Fiber,
527,100.9616989,77.68874428,54.97743089,Linux,US,DSL,517.5598822
528,105.19445,64.7465211,56.65924252,Mac,Europe,Cable,496.9595299
529,81.9136675,53.49991119,54.21586611,Linux,US,,414.9443559
530,112.7718492,5.15317112,58.389405,Windows,Asia,DSL,335.8996842
531,66.76959875,96.88038898,,Mac,US,Cable,
532,98.67840403,80.07270497,44.41698246,Windows,Asia,,515.5181755
533,75.779676,29.98938163,38.99845767,Linux,Asia,Cable,300.69712
534,86.96327784,98.01706261,54.39501231,Linux,Europe,Fiber,538.7143104
535,100.9479734,60.58627737,57.78936504,Linux,US,Fiber,470.0971445
536,82.79173269,,54.57772866,Windows,Europe,Fiber,
537,92.30888912,,66.74492433,Linux,US,Cable,
538,120.1258562,81.36520902,,Windows,,Fiber,
539,88.46216261,65.99138213,56.68741656,Mac,Asia,DSL,447.2284399
540,116.7138422,13.68147889,39.08299124,Linux,US,Fiber,330.1958419
541,77.40586291,,46.12900298,Linux,US,,
542,110.5960836,92.88028039,56.95537758,Linux,Europe,Cable,578.8302365
543,128.8313724,23.23694557,58.49102111,,US,Fiber,392.499784
544,,37.84453536,47.06033052,Linux,US,DSL,
545,84.06209489,,49.28400748,Windows,US,,
546,111.5414425,44.50109398,34.82126253,Windows,,DSL,404.8005549
547,95.93909228,61.68101867,46.42970799,Linux,US,Cable,456.3055842
548,107.4229175,94.36450794,58.90383164,Linux,Asia,Cable,579.9772764
549,87.92029627,24.82857847,55.75205016,Mac,Europe,Fiber,328.68459
550,101.7317957,,55.00665721,Mac,Europe,DSL,
551,96.88645529,20.5495785,50.49773687,Mac,,Cable,329.1979541
552,123.3556412,88.80556512,50.07063159,Linux,Asia,Fiber,589.1485659
553,,64.93527045,43.39678861,Mac,,Cable,
554,106.7520532,,56.9882842,,US,Cable,
555,91.76246068,81.77874696,54.20972944,Windows,Asia,Cable,533.1779661
556,90.24787552,86.27562964,54.92018848,,US,Cable,513.4484837
557,91.34883624,84.80491953,44.73965157,Windows,Europe,Cable,508.1402085
558,107.8890428,91.97372683,28.4665708,Windows,Europe,Cable,534.6943849
559,91.58031038,,60.97152712,Mac,Asia,Fiber,
560,105.7954971,75.74915095,45.21162544,Windows,US,Cable,508.6858843
561,141.508016,46.59341023,41.37224236,Linux,Asia,DSL,477.5901143
562,117.4224941,84.35785674,56.93478912,Linux,Asia,Fiber,561.6702046
563,93.47952936,73.12057704,46.0798736,Mac,US,,481.5454963
564,124.0242784,77.8682972,60.59936384,Linux,Asia,,561.7144743
565,91.83849254,65.96002193,56.1700595,Windows,Europe,DSL,477.649545
566,59.2375093,18.56544818,56.83569323,Linux,Asia,,264.9568299
567,79.83827378,54.95766497,36.34044289,Mac,US,,379.9272983
568,62.58416158,98.48230421,62.11943985,Mac,US,Fiber,500.6718453
569,92.96973032,93.80141858,52.61250531,Windows,Europe,Fiber,553.0157058
570,100.3683676,5.274199844,46.30722861,Mac,US,Cable,302.1878384
571,133.5287462,17.31666676,51.43388467,Linux,US,Fiber,391.9073717
572,106.5385475,14.04114857,32.23764767,Mac,Europe,DSL,296.1379388
573,95.61798942,72.87201109,54.08652811,Windows,Asia,,490.0615464
574,116.5881116,81.96074766,39.70628492,Mac,Europe,Fiber,543.2873163
575,55.77729382,22.13762526,36.47329714,Linux,Asia,DSL,227.365217
576,104.7122912,51.0794166,34.77640814,Windows,Europe,Fiber,423.8194258
577,115.4173039,84.22959977,61.12688375,Linux,Asia,Cable,594.3209124
578,,73.54735293,,Windows,,DSL,
579,122.8750809,54.68148334,65.3372771,,Asia,Cable,504.5506664
580,106.7699281,59.44442136,44.64198537,Windows,Europe,DSL,463.2361362
581,91.69424172,51.32769414,32.92642042,Windows,Asia,Cable,398.5341921
582,112.6556373,30.45729668,38.8347556,Mac,Europe,Cable,376.5316644
583,,,62.3581162,Linux,US,Fiber,
584,103.6373251,69.1996449,48.44101822,Mac,Asia,Cable,494.5827741
585,104.9644117,87.45896867,44.51712704,Windows,,Fiber,530.3269615
586,90.81278201,63.99284404,51.60018226,Mac,Asia,DSL,455.595583
587,83.00311261,76.35103217,55.01782736,Windows,Asia,Cable,464.1665747
588,116.6067163,16.84709186,61.17398816,Mac,Europe,Cable,368.9313791
589,82.87832348,46.69418997,,Mac,,,
590,101.4313247,,46.40231354,Linux,Europe,DSL,
591,90.44685106,25.42120759,36.73952314,Windows,US,Cable,309.5648095
592,109.5795965,,45.86534839,Linux,Asia,DSL,
593,106.6732421,99.18918518,52.60280507,Windows,,Fiber,576.7163466
594,120.7507989,10.81863186,,Mac,Asia,DSL,
595,89.79967202,40.74793727,40.42849085,Windows,Asia,DSL,365.236935
596,94.60250129,80.2070259,53.43787882,Linux,Asia,Cable,481.9004263
597,80.42472568,21.19952783,49.51347648,Linux,Europe,Fiber,297.1416238
598,91.1141348,55.95340998,50.32796995,Linux,US,DSL,414.3354721
599,107.5460099,73.57405831,42.41504665,Windows,Asia,Fiber,488.419394
600,115.1397723,,47.69599286,Linux,Europe,Fiber,
601,81.55669352,19.61444873,40.75766856,Linux,Asia,Fiber,264.8366523
602,117.3921184,36.1830723,58.90198411,Linux,Europe,Cable,423.606832
603,127.1127572,78.59538666,60.35249335,Mac,Asia,DSL,562.5175908
604,108.2686981,55.8684249,31.53812138,Mac,,Cable,432.6877234
605,137.5359163,1.517731741,40.7048914,Windows,US,DSL,341.7258371
606,84.52421602,76.33808524,35.03470745,Windows,Asia,DSL,447.1292692
607,75.10690593,4.495824139,43.49976066,Linux,Europe,Cable,238.9153769
608,64.42559502,74.82764449,,,Asia,Fiber,
609,129.9208862,,35.5035478,Linux,Europe,,
610,113.0873131,95.84927453,40.78140187,Linux,,DSL,565.8345451
611,,37.42613438,39.96042628,Mac,Europe,Cable,
612,,33.36623002,52.07267329,Mac,US,Fiber,
613,77.49021905,15.73991698,50.69344337,,Asia,,275.4808715
614,148.9150396,,42.78262447,Windows,US,DSL,
615,102.5844236,87.78842542,51.76820872,Windows,US,DSL,552.8608969
616,102.1878959,99.63709943,44.53319915,Linux,Asia,Cable,565.9556776
617,114.5153325,37.46264352,47.2834489,Windows,Asia,DSL,413.7603991
618,109.6201846,45.41245246,66.7345209,Mac,Europe,Fiber,464.6496877
619,104.4776805,72.48502288,63.40461052,Mac,Europe,Fiber,526.6848957
620,84.19051089,88.73338227,37.00418763,Windows,US,Fiber,506.7765084
621,109.4293671,59.71138908,58.29732418,Linux,Europe,Fiber,477.5449236
622,137.6404899,39.76104412,58.11396554,Linux,Europe,Cable,491.4854026
623,126.9084009,41.84956224,38.51736711,Windows,Asia,,432.9128159
624,131.8637325,69.8661965,58.18777644,Linux,Europe,DSL,562.5438842
625,89.77568647,1.318608097,65.37931918,Linux,US,,275.9994061
626,80.20790359,,38.77455194,Linux,Europe,DSL,
627,,36.19380803,40.82497179,Mac,US,Cable,
628,101.1144982,79.6255358,60.17661467,Mac,Asia,,537.3030615
629,121.8838304,10.20607334,52.71495311,Windows,US,DSL,354.0718818
630,,59.23202443,,Mac,,Fiber,
631,130.5910064,48.6163161,,Linux,Asia,DSL,
632,96.83984203,64.59022706,53.90695921,Mac,Europe,DSL,483.0148117
633,91.4623786,7.420505854,36.73527872,Windows,Asia,,259.4404749
634,79.75791249,58.41839496,60.47317707,Mac,Asia,DSL,440.4655939
635,66.90286656,56.58697421,61.69589992,Linux,Europe,DSL,394.9085382
636,116.4634117,56.50534935,47.70609256,Linux,,Fiber,458.282196
637,101.4663593,60.74527899,49.5652305,,Asia,DSL,455.186853
638,74.20078201,67.97032579,34.68892497,Mac,Asia,Fiber,398.761592
639,74.09842456,80.69391097,55.14254756,Mac,Europe,Cable,470.6970727
640,93.28430601,27.71225129,55.72057442,Mac,US,DSL,341.4330431
641,,82.67989161,49.37808983,Linux,Europe,Fiber,
642,94.80817297,50.32731254,61.2435336,Windows,Asia,Cable,429.1809856
643,69.93714094,8.628769634,46.65922769,Mac,Europe,Cable,248.6280509
644,95.08513872,6.796541995,,,US,Cable,
645,94.54552861,34.08959355,39.80335661,,Europe,Fiber,353.5215596
646,46.06226714,78.70480073,49.76447849,Linux,Asia,DSL,406.9959354
647,98.91410267,71.06041254,,Mac,Europe,DSL,
648,95.3813094,79.0728815,52.25307922,Mac,Asia,Fiber,502.7250034
649,113.9241273,52.20963659,46.30473071,Mac,Asia,DSL,456.1422704
650,136.9791219,44.5797008,48.68527404,Mac,Europe,Fiber,484.2580385
651,,15.59780014,58.26047171,Mac,Asia,DSL,
652,94.62222619,33.49108261,45.63235763,Mac,,Cable,354.8892307
653,,43.96791725,33.93422899,Mac,,DSL,
654,151.4671961,9.771442538,67.49583904,Mac,US,Fiber,434.3382605
655,,22.84058332,,Mac,US,Fiber,
656,100.2785858,60.22430411,37.07737305,Linux,,Cable,441.2213565
657,99.51749826,73.83064831,56.89707805,Mac,Asia,Fiber,525.2486078
658,103.9616952,99.83640363,44.97025229,Windows,Europe,,568.933694
659,,93.3782198,52.63487215,Linux,,DSL,
660,88.52675986,64.61395475,52.94224129,Mac,Asia,Cable,463.3217778
661,89.06282118,42.70355728,47.655922,Windows,Asia,Fiber,359.733811
662,99.3449346,63.98155911,42.16234334,Mac,Europe,Cable,456.5593723
663,,78.77951019,43.09458948,Windows,US,DSL,
664,85.74308435,12.7152829,40.83808085,Windows,Asia,Cable,292.7449161
665,102.1286046,41.58058408,41.68177792,Windows,Asia,Fiber,396.7421356
666,,84.14042628,,Windows,US,Cable,
667,130.0798598,38.99946224,42.84240011,Linux,Asia,Fiber,422.6879661
668,46.98060383,,56.82052066,Linux,Europe,Fiber,
669,121.830137,59.18916673,64.87246155,Windows,Asia,DSL,513.538506
670,124.9217038,19.26314906,44.19946759,Mac,Asia,,391.5966118
671,58.53219535,36.86130872,52.39404501,Windows,US,DSL,313.5313968
672,93.14624812,34.11661759,54.9968511,Linux,Asia,Fiber,354.6083587
673,92.57118268,3.593474145,54.72002271,Mac,Asia,Cable,282.6978444
674,71.84976611,3.394984625,50.75955268,Linux,Europe,Fiber,214.9947723
675,84.44366625,83.33800732,57.42682418,Linux,US,DSL,488.7482587
676,77.78848309,28.03401019,54.82248953,Mac,US,DSL,326.4469519
677,135.0454089,52.28979786,37.62337578,Windows,Europe,,490.8429663
678,118.7135679,,58.69156064,,Asia,DSL,
679,125.4311019,94.12724527,58.87290837,Windows,US,DSL,640.349128
680,114.4334413,26.67037913,42.36713896,Windows,US,DSL,376.1162537
681,77.41896458,43.53602446,50.37937835,Mac,Asia,,362.7160122
682,89.50959467,87.4002948,56.83328993,Mac,Asia,,514.3099143
683,109.7874912,84.35142311,47.9068618,Mac,US,DSL,553.0656813
684,,,60.72978048,Linux,Asia,Cable,
685,114.2599686,80.46168767,73.63872495,Mac,US,DSL,600.5667784
686,95.19349204,46.36050179,42.14013967,Windows,Asia,Cable,401.3866784
687,92.50358385,48.81391834,36.18955397,Linux,Asia,DSL,413.6312272
688,114.2191994,14.21451727,53.03818596,Windows,Europe,Cable,354.5325106
689,108.8852662,8.979549862,57.21562505,Windows,Asia,DSL,339.7342802
690,,73.06599139,47.69133626,Mac,Europe,Fiber,
691,123.1865961,50.14965408,64.53260663,Mac,Asia,DSL,493.1882685
692,78.37873345,44.24821956,36.613942,Windows,US,Cable,333.9076995
693,,73.22131464,56.92918623,Windows,US,,
694,111.8620252,76.785777,43.94139179,Linux,Asia,Fiber,521.8884471
695,93.80907121,16.7319086,,Mac,Asia,DSL,
696,106.5226604,,69.92515353,,US,Cable,
697,,14.40005415,42.33343412,Linux,Asia,Cable,
698,118.4805404,75.38613352,44.50442864,Linux,Europe,Fiber,530.2008242
699,96.30195727,66.03856047,58.59587887,,Europe,Cable,467.6821968
700,89.54553959,95.70484749,46.1286935,Linux,Europe,,538.9651127
701,120.9801845,7.826843619,49.54588782,Linux,,DSL,329.13884
702,85.91312619,6.648417394,50.25388421,Windows,Europe,DSL,269.7108757
703,71.83077407,28.93652039,30.80326844,Mac,Asia,Cable,265.1688909
704,68.86741653,26.90886269,,Mac,,DSL,
705,112.120199,25.45090111,,Linux,Europe,,
706,74.39141295,90.71920347,45.06877178,,Asia,DSL,486.9408041
707,135.0958836,,64.43632003,Mac,Asia,Fiber,
708,58.36141184,27.92302289,37.43493106,Linux,Europe,Cable,270.6175971
709,133.9291274,76.18042798,58.13205187,Linux,Asia,Cable,586.8382915
710,104.2203493,45.5242444,47.2103707,Windows,Asia,Cable,395.8188431
711,98.06573776,,47.20239832,Linux,Asia,Fiber,
712,89.10161826,7.471249599,57.90371896,Mac,Europe,Cable,289.7292265
713,,49.26954817,,Windows,,Fiber,
714,,4.327746418,55.70612997,Mac,US,Fiber,
715,122.0660376,7.202667142,59.68184661,Mac,US,Cable,361.4172935
716,102.284553,90.73730788,46.68691617,Mac,Europe,DSL,566.4268943
717,103.0060352,14.78529174,43.87763265,Linux,US,DSL,302.1280063
718,92.72775576,53.70964755,39.14849473,Linux,Europe,Cable,392.0328932
719,98.86108753,41.69846466,41.7458947,Mac,US,,373.8466166
720,106.1560354,35.3869893,79.49094425,Mac,US,Fiber,434.8592399
721,,90.08350122,62.44679581,Windows,US,Cable,
722,73.03629156,3.160516281,36.48925634,Windows,Europe,Fiber,204.0520912
723,114.8652819,66.71517893,36.77542043,Linux,Europe,Cable,479.0171894
724,103.4173088,96.37604899,54.81866062,Linux,Asia,DSL,582.3636747
725,96.32033327,56.45665016,55.47264797,Windows,Europe,,453.6511435
726,100.3686787,93.74542374,55.48883835,Mac,US,Cable,542.8389701
727,106.9516341,6.173530049,47.45044206,Linux,US,Fiber,313.9966702
728,89.20480639,42.46053859,48.7454574,Mac,Europe,DSL,372.3572516
729,84.43390549,26.75562131,,Windows,Europe,Fiber,
730,103.9169051,73.35127553,50.85893006,Linux,,Cable,518.3586732
731,,,27.80699627,Linux,Asia,Cable,
732,108.1650551,,47.70200369,Windows,US,DSL,
733,65.94832792,65.76328555,41.48593566,Linux,,Cable,376.6763629
734,120.5831127,20.61166564,51.75211419,Windows,Asia,DSL,380.3382749
735,109.4519496,56.9676952,,Linux,US,Fiber,
736,105.1205947,46.92931618,53.67481665,Windows,US,DSL,432.1360946
737,119.6538197,97.22852763,46.86470314,Linux,Europe,DSL,597.2774972
738,133.3094889,61.2442,59.21801502,Mac,Europe,Fiber,551.5928688
739,120.2874013,,54.82687887,,Asia,DSL,
740,63.18251537,,54.2009449,Mac,,DSL,
741,74.40846067,15.97343604,56.06850593,Linux,Europe,Cable,289.0053183
742,87.50362845,23.30637607,,Linux,,,
743,100.521821,25.84569947,38.69111565,Mac,US,DSL,338.1667237
744,110.3531804,85.21098973,54.73632077,Mac,Europe,Fiber,560.7693148
745,85.48512374,56.56105604,40.7361887,Windows,US,,393.9588485
746,103.7353353,,55.55512646,Windows,Europe,DSL,
747,84.89234135,12.36211832,,Windows,US,Cable,
748,,86.15382964,45.82633186,Mac,US,Fiber,
749,71.86677806,72.55861602,47.04910086,Mac,US,DSL,436.4430583
750,81.53533508,7.699167828,59.75816719,Mac,US,Fiber,293.9858332
751,72.96630789,71.07567463,59.18454444,Windows,Europe,,448.9211595
752,80.48253494,54.81028352,37.54282624,Linux,Asia,Cable,370.4932047
753,121.0728359,9.090809229,50.54934111,Mac,US,,334.3115573
754,,46.37176351,42.90420145,Linux,Europe,DSL,
755,152.6476413,48.98493243,37.41495089,Linux,,DSL,518.443526
756,109.866358,17.41167948,47.8298295,Linux,US,Cable,327.266458
757,103.6967225,94.62411655,46.91517212,Windows,Asia,DSL,559.5434709
758,82.8328444,,,Linux,US,Cable,
759,114.0061976,67.2332114,54.32959825,Mac,Europe,DSL,503.6910982
760,88.48724348,46.76726054,36.22382499,Windows,Asia,Cable,357.5082755
761,102.4401963,41.76478862,44.35225996,Mac,Europe,Fiber,388.9671067
762,151.2016908,65.44637325,60.21383295,,US,Cable,579.5297651
763,98.07880201,54.99775507,70.88442773,Windows,Asia,Cable,453.6128262
764,122.9854665,7.165037482,34.14016688,,Europe,DSL,326.966949
765,,51.73776223,,,Europe,DSL,
766,99.30023019,80.83395811,68.70965175,Windows,Europe,DSL,539.5255857
767,,46.46474788,53.89614177,Mac,US,,
768,87.46065884,6.143701178,41.31707268,Linux,Asia,DSL,252.3372692
769,136.2489712,78.84154174,55.34629086,,,DSL,597.2525601
770,114.1550387,,23.64252261,Linux,US,Fiber,
771,88.75066448,26.60346265,50.03375507,Mac,,Cable,320.8626917
772,,17.30592899,53.27821173,Windows,,Cable,
773,119.451089,33.69129142,59.2427014,Windows,,Cable,432.1907926
774,112.4361992,75.91839906,39.86104048,Mac,US,Fiber,492.4198477
775,68.5955056,52.41920009,50.85687161,Windows,US,Cable,384.2740103
776,85.45725648,21.28324614,40.74575374,Mac,US,Fiber,283.3916114
777,95.04962729,87.90517774,52.55383756,Windows,Europe,Fiber,528.4177169
778,98.51133142,88.07860364,41.04653678,Linux,US,,534.6409892
779,112.413442,,45.91899161,Mac,Europe,Cable,
780,103.55402,24.64082493,40.04184605,Linux,US,Fiber,352.0541982
781,73.29311283,45.67269507,56.51136242,Linux,Asia,Cable,383.9081441
782,107.603957,98.51397596,,Mac,Europe,Cable,
783,112.2117149,77.42923515,47.6537943,Linux,,DSL,537.2122658
784,,3.689574701,,Mac,Europe,DSL,
785,121.6156145,7.455254535,35.51408585,Linux,Europe,Fiber,315.1100659
786,116.6784431,46.9292063,47.00323352,Mac,Asia,Fiber,441.6872151
787,109.1836016,91.01280038,49.49795383,Mac,US,,546.5220969
788,,54.331478,76.20793091,Windows,Europe,Fiber,
789,66.78078133,50.2834383,38.88032974,Mac,Asia,,317.383689
790,108.5923644,11.4418963,64.64177239,,Europe,Cable,358.1611544
791,104.1537537,66.02123037,59.96858773,Linux,,Fiber,482.1473862
792,105.4315767,82.3882129,52.80636404,Mac,Europe,Fiber,551.1442253
793,74.46502848,38.66158074,67.58620484,Windows,Asia,Cable,370.2568408
794,78.37886919,,53.72105473,Linux,US,,
795,121.0630571,96.48318874,53.89159196,Linux,Asia,DSL,604.2852986
796,99.20889692,21.17287945,49.46879347,Windows,US,Cable,322.8050865
797,113.6300139,52.80963349,62.23568882,Linux,US,DSL,461.40624
798,100.5663675,,60.96469234,Linux,US,Fiber,
799,100.5951228,,43.74322713,Linux,,Cable,
800,,58.18174322,36.80752805,Linux,Asia,Cable,
801,89.67910544,63.82365934,47.97019363,Windows,Asia,Cable,445.698903
802,101.9224155,79.9935018,41.99961436,Windows,Asia,Fiber,512.2634738
803,90.75449423,40.20107679,49.36475425,Linux,US,DSL,373.2426997
804,91.31007545,91.59391677,62.37438135,Linux,Europe,Fiber,554.6664796
805,93.81655753,53.76985786,45.42698345,Windows,US,Fiber,408.5147944
806,104.4426754,16.63752746,49.57176619,Windows,Asia,Cable,329.7282515
807,90.42502757,69.8940127,50.58022735,Windows,Europe,DSL,496.8357292
808,125.1151225,79.53287369,,Linux,Europe,Fiber,
809,82.10785396,32.35940603,,Linux,Europe,Cable,
810,96.26256712,85.86074644,43.93299705,Mac,Asia,Fiber,511.9209691
811,91.20537883,90.70818222,,Windows,Europe,Fiber,
812,128.9395577,28.41354425,62.00078956,Linux,Europe,Cable,437.7131176
813,103.9310955,98.3686258,45.08097552,Windows,,Cable,561.6959406
814,120.6368908,14.93044128,,Linux,US,DSL,
815,70.28879254,20.99955117,56.19711446,Windows,Europe,Fiber,280.4735101
816,105.3410053,19.23825908,43.64637611,Linux,Europe,Cable,335.8381932
817,,,38.10333341,Mac,US,Cable,
818,101.6456798,65.77496268,43.7565461,Mac,US,DSL,469.8198675
819,121.3096075,16.05832404,48.15474642,Windows,US,DSL,382.5121213
820,89.654231,,43.95255335,Linux,Asia,,
821,128.1869488,61.91450448,27.94433943,Linux,Asia,DSL,491.2724723
822,145.9779625,9.262944414,58.97066197,Windows,US,Cable,383.6724535
823,92.74322879,88.35922047,62.74875041,Linux,Europe,Fiber,542.3595302
824,91.08994957,80.55675001,56.51521991,Windows,US,DSL,510.9120268
825,129.0676895,51.01547058,38.6231433,Linux,Asia,,461.6363789
826,131.5914429,96.74553491,47.98508466,Windows,Europe,Fiber,607.5231893
827,89.54279946,42.35833695,49.93478685,Linux,,,380.6823922
828,91.59626366,98.42692158,,Windows,Europe,Cable,
829,94.36430782,67.12407988,56.68340489,,Asia,Fiber,473.6614691
830,73.11098978,63.83245605,42.65826201,,Europe,Fiber,407.292478
831,81.62696107,17.42953463,50.81995556,Linux,Europe,,303.0412658
832,79.91718466,88.31084807,54.57280405,Windows,Europe,Cable,531.3408651
833,84.6440487,43.3214791,64.55822322,Mac,Europe,Fiber,385.5669932
834,,17.06110717,57.0450654,Linux,Asia,Fiber,
835,104.6842947,2.248144478,,Mac,Asia,DSL,
836,131.0100099,56.41581268,50.83826628,Linux,Europe,Cable,513.6792236
837,80.03291919,53.21256259,64.10459145,Mac,Europe,,392.6533975
838,119.686448,72.21600861,54.09762796,,Asia,DSL,543.704953
839,95.72022312,89.13554725,41.3891209,Linux,Europe,Cable,522.4134099
840,99.01072581,8.86125188,64.0336997,Linux,Europe,Cable,315.3163132
841,113.4963898,73.41815254,56.97903273,Windows,Europe,Cable,536.9708859
842,77.54555957,19.55378247,45.56955979,Mac,,Cable,291.0032985
843,107.6481949,85.95952826,45.20507033,Windows,Europe,Cable,551.2627979
844,,82.08728787,52.96575545,,US,Cable,
845,109.8490253,54.53858174,54.63184795,,,Fiber,468.5218977
846,105.7833729,71.31403706,51.97292266,Windows,Asia,Fiber,506.3514591
847,149.1060028,32.12066121,53.11308673,Linux,US,Fiber,486.5555921
848,87.24520031,47.64562199,,Linux,US,,
849,89.3800609,82.34205287,60.71543152,Linux,Europe,DSL,523.3116605
850,87.53718947,46.46725452,51.90635591,,,Fiber,401.2622819
851,88.89045762,36.42202827,59.41310581,Linux,US,Cable,395.7522994
852,87.25225745,49.92703228,39.67476096,Linux,Asia,Fiber,377.9396046
853,123.7803306,,53.9792705,Linux,Asia,Fiber,
854,128.410085,34.18559669,68.0930635,Linux,Europe,Cable,486.227553
855,88.58507413,18.20239772,47.81954105,,Asia,Fiber,298.2862253
856,83.35288854,,41.52366071,Linux,Asia,Fiber,
857,109.4283111,82.77184306,43.47911111,Windows,Europe,Fiber,528.1063085
858,88.95553911,10.96311037,39.10366963,,Asia,DSL,276.0247979
859,112.6586364,24.74753716,42.15238092,Linux,Europe,Fiber,344.1716892
860,104.0584604,15.05522699,,Mac,US,Cable,
861,69.6851177,35.44619975,35.94432981,Windows,Europe,Cable,296.8889076
862,130.950104,45.58474691,50.15618334,Windows,US,Fiber,470.2777802
863,135.9175535,,59.02277174,Windows,US,Fiber,
864,87.74422619,65.4636109,40.9224382,Windows,Asia,Fiber,428.3703466
865,92.2459688,62.47192818,65.19283924,Linux,Asia,Cable,477.4708377
866,105.7173078,35.88511971,55.10792089,Linux,Asia,Cable,407.1342983
867,106.6891358,84.30330776,60.30580586,Mac,Europe,DSL,573.7809131
868,113.1708855,47.65742957,43.42165446,,Asia,DSL,442.2458749
869,140.2040908,97.93138886,58.54525227,Windows,US,,651.0443354
870,96.46105545,63.78007169,39.080661,,Asia,Cable,441.1829468
871,84.03405511,13.50020941,58.90247501,,Asia,DSL,294.1601327
872,,67.94157865,51.7183934,Windows,Europe,Fiber,
873,85.3813992,33.18529753,,,,Fiber,
874,99.33746054,,,Mac,US,Cable,
875,135.8911573,,41.04930158,,Europe,DSL,
876,89.64777402,18.31326228,55.97228218,Mac,Asia,Fiber,318.294177
877,104.475759,85.71798863,40.51651996,,Europe,,534.9861038
878,99.67154208,23.49077615,54.63206292,,,DSL,346.0744553
879,123.7678655,83.8670714,36.32862194,Linux,Asia,Fiber,539.0597802
880,150.5386485,28.64833276,58.48174213,Windows,US,,481.1906983
881,89.38262454,64.6453091,37.67476685,Windows,Europe,Cable,432.9649981
882,90.21121115,69.72090678,55.52299938,Mac,Europe,DSL,486.1038244
883,120.8832175,51.75282056,56.25630934,Linux,US,Cable,457.1302386
884,113.6378298,31.22575699,43.03228182,Windows,Asia,DSL,384.4978593
885,136.9341465,22.05179326,55.82026567,,Europe,Fiber,424.8212068
886,111.6785637,4.285746102,52.60442263,Linux,Europe,Cable,300.0122201
887,92.81415818,31.09069372,44.61158144,Mac,Asia,Cable,344.9518062
888,111.8130966,65.66311626,39.91445316,Windows,Europe,Cable,492.3564484
889,122.1740716,93.89217703,30.37374308,Windows,US,DSL,592.446436
890,116.4096436,87.24924374,53.49650047,,Europe,,584.6358382
891,110.1454806,76.84041288,34.35197229,Mac,Europe,Fiber,499.0954445
892,121.3334938,79.05628698,50.95344199,Linux,Asia,Cable,568.8811633
893,123.3859118,,,Windows,US,Cable,
894,127.6431798,26.7683989,56.79142775,,Asia,DSL,415.9347923
895,112.9741978,90.81230804,,Mac,Europe,DSL,
896,96.65763839,67.40249888,46.70552214,Mac,Europe,Fiber,463.8960362
897,102.9342737,56.48362247,,Mac,Asia,Fiber,
898,124.1301793,11.98795745,53.35058029,Linux,Asia,DSL,361.1421823
899,,45.25849884,53.16155957,Mac,Asia,Cable,
900,107.3734662,46.57546885,54.6926759,Mac,US,Fiber,446.8974254
901,92.13322375,86.59179734,34.64427877,Windows,Europe,DSL,492.2197367
902,100.5748965,55.1181738,57.5678868,Windows,Asia,DSL,466.7403532
903,125.5690373,,56.12468794,Mac,Europe,Cable,
904,103.8219814,,39.83316871,Mac,US,DSL,
905,100.928731,11.96133874,,Windows,US,,
906,72.80287718,42.8322944,49.60692712,Mac,US,Fiber,366.5906305
907,114.9250713,5.160442842,,Linux,US,DSL,
908,112.9096836,74.25050796,53.33859967,,Europe,DSL,525.252117
909,143.2650945,91.88957867,64.31366782,Linux,US,Fiber,653.5782543
910,93.8444353,28.72369563,60.81766728,,US,Cable,361.981937
911,104.3830066,85.975826,36.87780807,Windows,Asia,Cable,511.8268278
912,104.9876737,29.92960482,56.2206999,Mac,US,Fiber,393.9782171
913,131.5490656,91.166246,63.2893332,Mac,Asia,Fiber,622.3716481
914,98.09408935,75.64222846,53.86808521,Windows,,Cable,506.8152403
915,105.5804305,80.68577091,60.90980425,Windows,,Cable,540.0837077
916,,2.782649004,70.12270446,Windows,Asia,Cable,
917,,96.31822535,60.23709546,Linux,US,Cable,
918,,72.94042821,52.49308596,Mac,Europe,Cable,
919,103.8817999,31.17035844,60.45088474,Windows,Europe,Fiber,391.6122655
920,121.472635,,51.44887833,,US,DSL,
921,,28.87059864,50.23903043,Linux,Europe,Cable,
922,102.6593935,87.40263012,46.48585764,Linux,Asia,Cable,547.9354949
923,85.9975837,12.14545865,65.63413359,Windows,US,DSL,292.9273547
924,123.9009326,70.66491177,41.81571334,Windows,US,DSL,513.8511284
925,69.5362619,54.52914919,65.32367725,,Asia,DSL,399.297304
926,88.82156305,10.55691255,54.99864124,Windows,Asia,DSL,292.1994328
927,107.5442375,24.947489,36.00693825,Mac,,DSL,337.0808364
928,131.3104806,,53.67649293,Windows,,DSL,
929,98.68499478,47.40802858,28.99973492,Mac,Asia,Fiber,387.0439908
930,88.89600947,30.82526082,56.25508017,Mac,Asia,DSL,372.0452663
931,137.6231414,60.23739095,58.85231483,Mac,Europe,DSL,544.783582
932,71.03972199,30.42654296,44.07644044,Mac,Europe,Fiber,296.5566115
933,56.02388087,30.69199204,51.23547696,Linux,US,DSL,277.0085592
934,108.800289,74.57612667,69.54157434,Mac,,Cable,534.674083
935,89.95891551,5.766140762,,Windows,Europe,Cable,
936,79.57534366,90.38660452,,Linux,Asia,DSL,
937,114.1671289,85.37412356,,Linux,Asia,Fiber,
938,104.8760143,,,Mac,Europe,Cable,
939,88.71842739,59.72893544,50.03695672,Linux,Europe,Fiber,431.9586428
940,74.39391203,89.33794732,60.11463035,Mac,Europe,Cable,508.1576049
941,117.4491466,19.34768777,63.41475916,Windows,US,DSL,395.3376723
942,113.0040236,8.817947057,42.57515767,Mac,US,Fiber,316.9362374
943,98.01648272,24.71150682,45.14694165,,US,Fiber,333.3483041
944,136.9327399,,62.30874513,Windows,Europe,Fiber,
945,78.59830467,,66.85014279,Mac,Europe,Cable,
946,69.48949658,,55.6288086,Windows,US,Cable,
947,86.1618386,99.5483141,41.20185646,Windows,US,Cable,561.5477794
948,99.08827967,,69.87061112,,Europe,,
949,104.866789,52.62312322,44.69029102,Windows,,Cable,428.2562541
950,95.17527884,7.300450019,,Linux,US,DSL,
951,107.0411079,83.30597792,53.42337834,,Europe,Fiber,548.4253821
952,74.96921152,60.29887231,65.54160421,,Europe,Fiber,435.5109971
953,128.8752921,12.37836671,,Windows,Asia,DSL,
954,98.35697643,10.2918712,54.148655,Mac,Europe,Cable,315.0792851
955,122.3459166,91.05305512,,Mac,Europe,DSL,
956,,67.25082603,50.43514669,Windows,,Fiber,
957,109.1350644,83.09939313,55.58139515,Mac,US,Fiber,563.198848
958,111.3953456,88.01891113,24.70439922,Windows,Asia,DSL,501.2906439
959,108.9541712,57.60546285,47.03392541,Windows,Asia,Cable,463.5994281
960,112.8544552,52.22718882,52.41321935,Mac,Europe,Cable,451.778204
961,126.5830506,43.61231362,38.48985916,Mac,US,DSL,452.2923085
962,103.9304234,32.37771219,53.86323318,Linux,Asia,DSL,362.9658162
963,114.1800752,44.02500013,47.95528779,,Asia,Cable,447.0603351
964,98.20528611,77.61408592,,Linux,Asia,Fiber,
965,128.8023443,60.59041967,65.73019725,Mac,Europe,DSL,527.0326071
966,86.47215396,89.35980571,45.34194431,,US,Cable,512.5991347
967,136.0188087,44.89462142,48.49162288,Mac,,Cable,475.7262083
968,99.19684099,61.10186829,49.26052434,Windows,US,Fiber,473.3839664
969,,63.49944776,45.48340524,Windows,,Fiber,
970,102.5620883,59.57801907,51.95024984,Windows,Asia,Fiber,456.6752615
971,86.37896685,70.56074354,42.41717931,Linux,US,Fiber,458.4907829
972,116.812871,24.50591337,38.69384665,,US,Fiber,359.731383
973,86.94752041,51.72401398,56.22711224,,US,DSL,407.8686049
974,91.07633134,11.31825548,56.29529584,Windows,,Cable,307.6922204
975,62.20918538,39.06662144,41.9568424,,Asia,DSL,319.1119096
976,90.95387362,49.27903979,58.95355431,Mac,Europe,,413.7644729
977,51.52241347,65.5702017,43.68422271,Mac,US,DSL,361.6324783
978,,95.10257421,52.53165238,Linux,Asia,DSL,
979,,60.46445559,,Linux,Europe,DSL,
980,115.7160032,74.6157977,49.66387435,Mac,Asia,Fiber,545.4293149
981,108.5091512,51.12033989,54.54740912,Linux,Europe,Fiber,443.1649097
982,80.66047714,63.77629911,44.83570356,Mac,US,Cable,413.5714693
983,99.04577288,8.022289397,48.03533417,Mac,Europe,DSL,311.8838059
984,99.92794922,26.1847665,47.94140569,Windows,Asia,Cable,352.4681908
985,76.83270622,36.82345623,42.53421653,Windows,Asia,Fiber,347.3729402
986,130.067966,47.77684215,48.23225837,Mac,Asia,Fiber,473.6220709
987,117.5472458,5.519225805,34.51381701,Mac,Asia,Fiber,328.6180828
988,95.58071652,14.86238566,45.08846253,Mac,,DSL,309.5377836
989,100.5377168,28.40461647,47.15124507,Mac,Europe,DSL,349.491791
990,104.1676562,97.1817364,47.43820248,Mac,US,Fiber,563.359449
991,59.16530263,33.8033537,47.58502554,Mac,US,Cable,276.5461256
992,95.05645235,48.72206475,49.382358,Linux,US,Cable,396.8744865
993,,20.41367356,54.79441518,Mac,Asia,Fiber,
994,79.9675998,61.46722704,58.74517074,Linux,Asia,Cable,422.5386524
995,94.37799414,28.78763834,43.50234773,Linux,,Fiber,314.593113
996,135.9537305,21.49226527,,Mac,Europe,,
997,112.8168572,52.14069022,39.57955588,Mac,Asia,Fiber,449.1784961
998,88.5764202,1.545074117,45.12797079,Linux,Europe,Cable,252.5637877
999,111.4516556,1.758739232,46.48078682,Linux,Asia,DSL,286.551045
